Name,Star,Number,AREA,URL,Score,ID
Britto's Restaurant :- Indulge in Authentic Goan Flavours & Lip Smacking Signature Cocktails,4.3,36000,Saligao,https://www.google.com/maps/search/Britto%27s+Restaurant+%3A-+Indulge+in+Authentic+Goan+Flavours+%26+Lip+Smacking+Signature+Cocktails+Saligao,154800,20250205181602_1
The Fisherman's Wharf Panjim,4.6,18000,Panaji,https://www.google.com/maps/search/The+Fisherman%27s+Wharf+Panjim+Panaji,82800,20250205181620_2
Ritz Classic Panjim,4.2,17000,Panaji,https://www.google.com/maps/search/Ritz+Classic+Panjim+Panaji,71400,20250205181639_3
Bogmallo Beach Resort Goa,4.1,13000,"Airport, Dabolim",https://www.google.com/maps/search/Bogmallo+Beach+Resort+Goa+Airport%2C+Dabolim,53300,20250205181723_4
Navtara Veg Restaurant,4.3,13000,Naval Base Verem,"https://www.google.com/maps/place/Navtara+Veg+Restaurant/@15.5487446,73.7598815,932m/data=!3m2!1e3!4b1!4m6!3m5!1s0x3bbfea08838ee167:0xeee7570fcdc3ebcb!8m2!3d15.5487446!4d73.7598815!16s%2Fg%2F1pwftdcjy?authuser=0&hl=en&entry=ttu&g_ep=EgoyMDI1MDIwMi4wIKXMDSoASAFQAw%3D%3D",55900,20250205181755_5
St. Anthony's,4.1,12000,Mapusa,https://www.google.com/maps/search/St.+Anthony%27s+Mapusa,49200,20250205181814_6
Navtara Veg Restaurant,4.2,11000,Panaji,"https://www.google.com/maps/place/Navtara+Veg+Restaurant/@15.4994671,73.8231022,932m/data=!3m2!1e3!4b1!4m6!3m5!1s0x3bbfc08bf3ef35f5:0xde2cf6f89202f328!8m2!3d15.4994671!4d73.8231022!16s%2Fg%2F1tfgbpbq?authuser=0&hl=en&entry=ttu&g_ep=EgoyMDI1MDIwMi4wIKXMDSoASAFQAw%3D%3D",46200,20250205181857_7
Copperleaf Porvorim,4.4,10000,Chorao,https://www.google.com/maps/search/Copperleaf+Porvorim+Chorao,44000,20250205181917_8
Manohar International Airport,4.6,9400,"Airport, Dabolim",https://www.google.com/maps/search/Manohar+International+Airport+Airport%2C+Dabolim,43240,20250205181936_9
Kokni Kanteen Goa,4.3,10000,Panaji,https://www.google.com/maps/search/Kokni+Kanteen+Goa+Panaji,43000,20250205181955_10
The Black Sheep Bistro,4.6,8900,Panaji,https://www.google.com/maps/search/The+Black+Sheep+Bistro+Panaji,40940,20250205182013_11
The Cape Goa,4.6,8600,Naval Base Verem,https://www.google.com/maps/search/The+Cape+Goa+Naval+Base+Verem,39560,20250205182032_12
Navtara Veg Restaurant,4.1,9600,Chorao,"https://www.google.com/maps/place/Navtara+Veg+Restaurant/@15.5354334,73.8204936,932m/data=!3m2!1e3!4b1!4m6!3m5!1s0x3bbfc0164d60e993:0x38631ccf6ba9465b!8m2!3d15.5354334!4d73.8204936!16s%2Fg%2F124t31698?authuser=0&hl=en&entry=ttu&g_ep=EgoyMDI1MDIwMi4wIKXMDSoASAFQAw%3D%3D",39360,20250205182116_13
Cafe Lilliput,3.9,8900,Caranzalem,https://www.google.com/maps/search/Cafe+Lilliput+Caranzalem,34710,20250205182135_14
Vinayak Family Restaurant,4.3,8000,Mapusa,https://www.google.com/maps/search/Vinayak+Family+Restaurant+Mapusa,34400,20250205182219_15
Bay 15,4.3,7200,Panaji,https://www.google.com/maps/search/Bay+15+Panaji,30960,20250205182237_16
Ritz Classic-Patto,4,7600,Caranzalem,https://www.google.com/maps/search/Ritz+Classic-Patto+Caranzalem,30400,20250205182308_17
Kamat Hotel,3.8,7400,Panaji,https://www.google.com/maps/search/Kamat+Hotel+Panaji,28120,20250205182328_18
Mango Tree,4.1,6800,Chorao,https://www.google.com/maps/search/Mango+Tree+Chorao,27880,20250205182412_19
Adlem Goi,4.6,5900,Caranzalem,https://www.google.com/maps/search/Adlem+Goi+Caranzalem,27140,20250205182456_20
SALT BAR AND RESTAURANT,4.2,6200,Mapusa,https://www.google.com/maps/search/SALT+BAR+AND+RESTAURANT+Mapusa,26040,20250205182516_21
Ritz Classic-Panjim Gymkhana,4.2,5900,Panaji,https://www.google.com/maps/search/Ritz+Classic-Panjim+Gymkhana+Panaji,24780,20250205182536_22
Sher-E-Punjab Goa,4.2,5800,Panaji,https://www.google.com/maps/search/Sher-E-Punjab+Goa+Panaji,24360,20250205182556_23
Antares Restaurant & Beach Club,4.2,5600,Chorao,https://www.google.com/maps/search/Antares+Restaurant+%26+Beach+Club+Chorao,23520,20250205182742_24
Spice Goa,4.4,5300,Mapusa,https://www.google.com/maps/search/Spice+Goa+Mapusa,23320,20250205182816_25
The Bodhi Tree Cafe and Bar,4.8,4600,Arambol,https://www.google.com/maps/search/The+Bodhi+Tree+Cafe+and+Bar+Arambol,22080,20250205182834_26
Hotel Anantashram,4.1,5300,Naval Base Verem,https://www.google.com/maps/search/Hotel+Anantashram+Naval+Base+Verem,21730,20250205182852_27
Kailash Parbat- Pure Vegetarian Restaurant,4.6,4500,Panaji,https://www.google.com/maps/search/Kailash+Parbat-+Pure+Vegetarian+Restaurant+Panaji,20700,20250205182911_28
Peep Kitchen,4.4,4700,Bambolim Complex,https://www.google.com/maps/search/Peep+Kitchen+Bambolim+Complex,20680,20250205182930_29
Barbeque Nation,4.3,4700,Caranzalem,https://www.google.com/maps/search/Barbeque+Nation+Caranzalem,20210,20250205183017_30
Sea Shells by James,4.1,4700,Bambolim Complex,https://www.google.com/maps/search/Sea+Shells+by+James+Bambolim+Complex,19270,20250205183100_31
Viva Panjim,4.3,4400,Caranzalem,https://www.google.com/maps/search/Viva+Panjim+Caranzalem,18920,20250205183144_32
Spicy Family Restaurant & Bar,4.2,4500,Naval Base Verem,https://www.google.com/maps/search/Spicy+Family+Restaurant+%26+Bar+Naval+Base+Verem,18900,20250205183205_33
Sheela Restaurant & Bar,4,4700,"Airport, Dabolim",https://www.google.com/maps/search/Sheela+Restaurant+%26+Bar+Airport%2C+Dabolim,18800,20250205183250_34
La Plage,4.5,4100,Naval Base Verem,https://www.google.com/maps/search/La+Plage+Naval+Base+Verem,18450,20250205183309_35
Kamlabai Sea Food Restaurant,3.8,4700,Mapusa,https://www.google.com/maps/search/Kamlabai+Sea+Food+Restaurant+Mapusa,17860,20250205183354_36
Edward's Yard,4.3,4000,Caranzalem,https://www.google.com/maps/search/Edward%27s+Yard+Caranzalem,17200,20250205183412_37
Tomato's Garden Kitchen And Bar,4.1,4100,Caranzalem,https://www.google.com/maps/search/Tomato%27s+Garden+Kitchen+And+Bar+Caranzalem,16810,20250205183432_38
Mum's Kitchen,4.4,3700,Panaji,https://www.google.com/maps/search/Mum%27s+Kitchen+Panaji,16280,20250205183451_39
Ankita Classic Warkhand Road,4.5,3600,Naval Base Verem,https://www.google.com/maps/search/Ankita+Classic+Warkhand+Road+Naval+Base+Verem,16200,20250205183509_40
The Coastal Tawa,4.7,3400,Naval Base Verem,https://www.google.com/maps/search/The+Coastal+Tawa+Naval+Base+Verem,15980,20250205183529_41
Joseph Bar,4.3,3700,Panaji,https://www.google.com/maps/search/Joseph+Bar+Panaji,15910,20250205183612_42
Bambolim Beach Resort,4,3700,Bambolim Complex,https://www.google.com/maps/search/Bambolim+Beach+Resort+Bambolim+Complex,14800,20250205183634_43
Aastha Escape Resort,3.7,4000,Saligao,https://www.google.com/maps/search/Aastha+Escape+Resort+Saligao,14800,20250205183708_44
Pisco - By the Beach,4.6,3100,Arambol,https://www.google.com/maps/search/Pisco+-+By+the+Beach+Arambol,14260,20250205183743_45
Copperleaf Panaji,4.6,3100,Panaji,https://www.google.com/maps/search/Copperleaf+Panaji+Panaji,14260,20250205183801_46
Cremeux - Panaji,4.3,3200,Panaji,https://www.google.com/maps/search/Cremeux+-+Panaji+Panaji,13760,20250205183819_47
Hotel Annapurna,3.7,3700,"Airport, Dabolim",https://www.google.com/maps/search/Hotel+Annapurna+Airport%2C+Dabolim,13690,20250205183903_48
Lotus Sutra Resort,4.1,3300,Arambol,https://www.google.com/maps/search/Lotus+Sutra+Resort+Arambol,13530,20250205183948_49
Joet's Bar & Restaurant,4.1,3200,"Airport, Dabolim",https://www.google.com/maps/search/Joet%27s+Bar+%26+Restaurant+Airport%2C+Dabolim,13120,20250205184023_50
Florentine Bar & Restaurant.,4.2,3100,Saligao,https://www.google.com/maps/search/Florentine+Bar+%26+Restaurant.+Saligao,13020,20250205184042_51
New Sheetal Pure Veg Restaurant,4.1,3100,Caranzalem,https://www.google.com/maps/search/New+Sheetal+Pure+Veg+Restaurant+Caranzalem,12710,20250205184100_52
Darya Deger Restaurant,4,3100,Caranzalem,https://www.google.com/maps/search/Darya+Deger+Restaurant+Caranzalem,12400,20250205184117_53
Cafe Basil,4.4,2800,Caranzalem,https://www.google.com/maps/search/Cafe+Basil+Caranzalem,12320,20250205184345_54
The Tibet Cafe,4.5,2700,Arambol,https://www.google.com/maps/search/The+Tibet+Cafe+Arambol,12150,20250205184408_55
Caravela Cafe And Bistro,4.4,2700,Caranzalem,https://www.google.com/maps/search/Caravela+Cafe+And+Bistro+Caranzalem,11880,20250205184453_56
Sheetal Udupi Pure Veg Restaurant,4.2,2800,Panaji,https://www.google.com/maps/search/Sheetal+Udupi+Pure+Veg+Restaurant+Panaji,11760,20250205184514_57
Tato's Fine Dining,3.9,3000,Panaji,https://www.google.com/maps/search/Tato%27s+Fine+Dining+Panaji,11700,20250205184531_58
Ben and Sand,4,2900,Caranzalem,https://www.google.com/maps/search/Ben+and+Sand+Caranzalem,11600,20250205184548_59
"Soul Curry, Panjim",4.8,2400,Panaji,https://www.google.com/maps/search/Soul+Curry%2C+Panjim+Panaji,11520,20250205184606_60
"Domino's Pizza | Panaji, Goa",3.6,3200,Panaji,https://www.google.com/maps/search/Domino%27s+Pizza+%7C+Panaji%2C+Goa+Panaji,11520,20250205184626_61
O Coqueiro,4.2,2700,Chorao,https://www.google.com/maps/search/O+Coqueiro+Chorao,11340,20250205184709_62
Niyaaz Restaurant (Bambolim Branch),4.1,2700,Bambolim Complex,https://www.google.com/maps/search/Niyaaz+Restaurant+%28Bambolim+Branch%29+Bambolim+Complex,11070,20250205184731_63
The Red Ginger,4.4,2500,Caranzalem,https://www.google.com/maps/search/The+Red+Ginger+Caranzalem,11000,20250205184752_64
Cafe Bodega,4.3,2500,Panaji,https://www.google.com/maps/search/Cafe+Bodega+Panaji,10750,20250205184810_65
Angry Sardar Courtyard,4.1,2600,Panaji,https://www.google.com/maps/search/Angry+Sardar+Courtyard+Panaji,10660,20250205184829_66
Nerul Eat Street Bar and Restaurant,4.4,2400,Panaji,https://www.google.com/maps/search/Nerul+Eat+Street+Bar+and+Restaurant+Panaji,10560,20250205184849_67
Sharda Classic Panaji,4.2,2400,Panaji,https://www.google.com/maps/search/Sharda+Classic+Panaji+Panaji,10080,20250205184911_68
Ratnasagar Family Restaurant & Bar,4,2500,Bicholim,https://www.google.com/maps/search/Ratnasagar+Family+Restaurant+%26+Bar+Bicholim,10000,20250205184931_69
Sanyog Veg Restaurant,4,2500,Panaji,https://www.google.com/maps/search/Sanyog+Veg+Restaurant+Panaji,10000,20250205184948_70
BOMBIL RESTAURANT,4.5,2200,Panaji,https://www.google.com/maps/search/BOMBIL+RESTAURANT+Panaji,9900,20250205185021_71
UDUPI Pure Veg Restaurant,3.8,2600,Bicholim,https://www.google.com/maps/search/UDUPI+Pure+Veg+Restaurant+Bicholim,9880,20250205185045_72
Temptations Bar and Restaurant,3.8,2600,Caranzalem,https://www.google.com/maps/search/Temptations+Bar+and+Restaurant+Caranzalem,9880,20250205185128_73
Eater's Den,4.4,2200,Vasco da Gama,https://www.google.com/maps/search/Eater%27s+Den+Vasco+da+Gama,9680,20250205185146_74
Claudi's Corner,4.2,2200,"Airport, Dabolim",https://www.google.com/maps/search/Claudi%27s+Corner+Airport%2C+Dabolim,9240,20250205185208_75
Yaki Zushi,4.4,2100,Saligao,https://www.google.com/maps/search/Yaki+Zushi+Saligao,9240,20250205185228_76
Delhi Darbar Hotel,4,2300,Panaji,https://www.google.com/maps/search/Delhi+Darbar+Hotel+Panaji,9200,20250205185246_77
The Temptation Vasco - 24x7 Complete Food Shop,4,2300,Vasco da Gama,https://www.google.com/maps/search/The+Temptation+Vasco+-+24x7+Complete+Food+Shop+Vasco+da+Gama,9200,20250205185303_78
Casa Bhonsle Restaurant and Bar,4.2,2100,Caranzalem,https://www.google.com/maps/search/Casa+Bhonsle+Restaurant+and+Bar+Caranzalem,8820,20250205185325_79
GENE’s - Restaurant By The Riverside,4.2,2100,Chorao,https://www.google.com/maps/search/GENE%E2%80%99s+-+Restaurant+By+The+Riverside+Chorao,8820,20250205185344_80
Piccola Roma Pizza,4.2,2100,Chorao,https://www.google.com/maps/search/Piccola+Roma+Pizza+Chorao,8820,20250205185402_81
Café Mojo,4.1,2100,Panaji,https://www.google.com/maps/search/Caf%C3%A9+Mojo+Panaji,8610,20250205185446_82
The HQ,4.1,2100,Vasco da Gama,https://www.google.com/maps/search/The+HQ+Vasco+da+Gama,8610,20250205185504_83
Workshop Restaurant,4.5,1900,Caranzalem,https://www.google.com/maps/search/Workshop+Restaurant+Caranzalem,8550,20250205185736_84
Ratna Sagar Family Restaurant & Bar (Calangute),4.2,2000,Bicholim,https://www.google.com/maps/search/Ratna+Sagar+Family+Restaurant+%26+Bar+%28Calangute%29+Bicholim,8400,20250205185755_85
Vaddo 15,4.4,1900,Caranzalem,https://www.google.com/maps/search/Vaddo+15+Caranzalem,8360,20250205185816_86
Aunty Maria,4.1,2000,Panaji,https://www.google.com/maps/search/Aunty+Maria+Panaji,8200,20250205185854_87
Route 66,4.3,1900,Panaji,https://www.google.com/maps/search/Route+66+Panaji,8170,20250205185915_88
The Flora Grand,4,2000,"Airport, Dabolim",https://www.google.com/maps/search/The+Flora+Grand+Airport%2C+Dabolim,8000,20250205185935_89
Blue Sea view,4,2000,Arambol,https://www.google.com/maps/search/Blue+Sea+view+Arambol,8000,20250205190006_90
Navratna Udupi Pure Veg Family Restaurant,3.8,2100,Naval Base Verem,https://www.google.com/maps/search/Navratna+Udupi+Pure+Veg+Family+Restaurant+Naval+Base+Verem,7980,20250205190027_91
MASAK by Tato's,4.2,1900,Panaji,https://www.google.com/maps/search/MASAK+by+Tato%27s+Panaji,7980,20250205190111_92
John's Seagull,4.1,1900,"Airport, Dabolim",https://www.google.com/maps/search/John%27s+Seagull+Airport%2C+Dabolim,7790,20250205190129_93
Blue Moon Family Restaurant & Bar,4.3,1800,Chorao,https://www.google.com/maps/search/Blue+Moon+Family+Restaurant+%26+Bar+Chorao,7740,20250205190148_94
"Highway K'tchen, Dabolim - Dine In & Take-Away",3.9,1900,"Airport, Dabolim",https://www.google.com/maps/search/Highway+K%27tchen%2C+Dabolim+-+Dine+In+%26+Take-Away+Airport%2C+Dabolim,7410,20250205190210_95
Aangan Restaurant,4.6,1600,Caranzalem,https://www.google.com/maps/search/Aangan+Restaurant+Caranzalem,7360,20250205190230_96
Cafe Ritz Restaurant & Bar,4.3,1700,Panaji,https://www.google.com/maps/search/Cafe+Ritz+Restaurant+%26+Bar+Panaji,7310,20250205190248_97
Evergreen Restaurant 1975,4.8,1500,Panaji,https://www.google.com/maps/search/Evergreen+Restaurant+1975+Panaji,7200,20250205190315_98
La Cucina,4.4,1600,Arambol,https://www.google.com/maps/search/La+Cucina+Arambol,7040,20250205190341_99
Udupi Shree Sagar Pure Veg Restaurant,3.7,1900,Saligao,https://www.google.com/maps/search/Udupi+Shree+Sagar+Pure+Veg+Restaurant+Saligao,7030,20250205190425_100
Domino's Pizza - Mapusa,3.9,1800,Mapusa,https://www.google.com/maps/search/Domino%27s+Pizza+-+Mapusa+Mapusa,7020,20250205190445_101
Cream Choc Gelato,4.6,1500,Caranzalem,https://www.google.com/maps/search/Cream+Choc+Gelato+Caranzalem,6900,20250205190502_102
Domino's Pizza,3.8,1800,Vasco da Gama,https://www.google.com/maps/search/Domino%27s+Pizza+Vasco+da+Gama,6840,20250205190522_103
Jardin D'ulysse,4.5,1500,Chorao,https://www.google.com/maps/search/Jardin+D%27ulysse+Chorao,6750,20250205190539_104
Shalimar Restaurant,3.7,1800,Panaji,https://www.google.com/maps/search/Shalimar+Restaurant+Panaji,6660,20250205190615_105
Cafe Food Planet,4.3,1500,Arambol,https://www.google.com/maps/search/Cafe+Food+Planet+Arambol,6450,20250205190702_106
Saiba bar and restaurant(evening beautiful),4.3,1500,Mapusa,https://www.google.com/maps/search/Saiba+bar+and+restaurant%28evening+beautiful%29+Mapusa,6450,20250205190749_107
Lavish Bar & Restaurant,4,1600,Arambol,https://www.google.com/maps/search/Lavish+Bar+%26+Restaurant+Arambol,6400,20250205190815_108
The Goan Majestic,4,1600,Tisk (Ponda),https://www.google.com/maps/search/The+Goan+Majestic+Tisk+%28Ponda%29,6400,20250205190832_109
Vasco Square Restaurant,4,1600,Vasco da Gama,https://www.google.com/maps/search/Vasco+Square+Restaurant+Vasco+da+Gama,6400,20250205190851_110
Grand Vatika Resort,4.5,1400,Arambol,https://www.google.com/maps/search/Grand+Vatika+Resort+Arambol,6300,20250205190913_111
The Crown Goa,4.2,1500,Chorao,https://www.google.com/maps/search/The+Crown+Goa+Chorao,6300,20250205190948_112
Tataki - Immersive Asian Dining,4.5,1400,Panaji,https://www.google.com/maps/search/Tataki+-+Immersive+Asian+Dining+Panaji,6300,20250205191022_113
Fishtail Bar & Restaurant - Best Bar In Vagator Beach Goa,4.4,1400,Chorao,https://www.google.com/maps/search/Fishtail+Bar+%26+Restaurant+-+Best+Bar+In+Vagator+Beach+Goa+Chorao,6160,20250205191240_114
Dunes Restaurant And Huts,4.4,1400,Naval Base Verem,https://www.google.com/maps/search/Dunes+Restaurant+And+Huts+Naval+Base+Verem,6160,20250205191300_115
Park Prime Goa,4.4,1400,Panaji,https://www.google.com/maps/search/Park+Prime+Goa+Panaji,6160,20250205191318_116
Abhilasha Fine-Dine Restaurant,4.7,1300,Tisk (Ponda),https://www.google.com/maps/search/Abhilasha+Fine-Dine+Restaurant+Tisk+%28Ponda%29,6110,20250205191350_117
Bawarchi Restaurant St Inez panjim,4.6,1300,Panaji,https://www.google.com/maps/search/Bawarchi+Restaurant+St+Inez+panjim+Panaji,5980,20250205191408_118
Kefi - A Lebanese Café and Bistro and Bar,4.5,1300,Mapusa,https://www.google.com/maps/search/Kefi+-+A+Lebanese+Caf%C3%A9+and+Bistro+and+Bar+Mapusa,5850,20250205191427_119
Kamal Restaurant Goa,4.1,1400,Bicholim,https://www.google.com/maps/search/Kamal+Restaurant+Goa+Bicholim,5740,20250205191448_120
1930 Vasco,4.1,1400,Vasco da Gama,https://www.google.com/maps/search/1930+Vasco+Vasco+da+Gama,5740,20250205191532_121
D LILA veg & nonveg restaurant,3.8,1500,Bicholim,https://www.google.com/maps/search/D+LILA+veg+%26+nonveg+restaurant+Bicholim,5700,20250205191554_122
Hotel Hill Rock Goa,4.3,1300,Arambol,https://www.google.com/maps/search/Hotel+Hill+Rock+Goa+Arambol,5590,20250205191612_123
Cafe Ashwini,4.3,1300,Caranzalem,https://www.google.com/maps/search/Cafe+Ashwini+Caranzalem,5590,20250205191643_124
Kuttikar Bar And Restaurant,4.3,1300,Chorao,https://www.google.com/maps/search/Kuttikar+Bar+And+Restaurant+Chorao,5590,20250205191703_125
Shri Krishna Pure Veg Restaurant,3.9,1400,"Airport, Dabolim",https://www.google.com/maps/search/Shri+Krishna+Pure+Veg+Restaurant+Airport%2C+Dabolim,5460,20250205191742_126
Cremeux - Mapusa,3.9,1400,Mapusa,https://www.google.com/maps/search/Cremeux+-+Mapusa+Mapusa,5460,20250205191800_127
Cafe Bhonsle - Panjim,4.2,1300,Panaji,https://www.google.com/maps/search/Cafe+Bhonsle+-+Panjim+Panaji,5460,20250205191822_128
Vinanti Restaurant & Bar,4.2,1300,Panaji,https://www.google.com/maps/search/Vinanti+Restaurant+%26+Bar+Panaji,5460,20250205191844_129
Colors Restaurant & Bar.,4.2,1300,Saligao,https://www.google.com/maps/search/Colors+Restaurant+%26+Bar.+Saligao,5460,20250205191904_130
Cafe TATO,3.9,1400,Vasco da Gama,https://www.google.com/maps/search/Cafe+TATO+Vasco+da+Gama,5460,20250205191924_131
FlyDining - GOA,4.9,1100,Bambolim Complex,https://www.google.com/maps/search/FlyDining+-+GOA+Bambolim+Complex,5390,20250205191942_132
Bora Bora Life,4.1,1300,Naval Base Verem,https://www.google.com/maps/search/Bora+Bora+Life+Naval+Base+Verem,5330,20250205192002_133
Tilve Bhojanalay,4.1,1300,Tisk (Ponda),https://www.google.com/maps/search/Tilve+Bhojanalay+Tisk+%28Ponda%29,5330,20250205192019_134
Shimons Falafel,4.8,1100,Arambol,https://www.google.com/maps/search/Shimons+Falafel+Arambol,5280,20250205192041_135
NANU RESORT ARAMBOL,4.4,1200,Arambol,https://www.google.com/maps/search/NANU+RESORT+ARAMBOL+Arambol,5280,20250205192100_136
Lemon Chilli,4.8,1100,Chorao,https://www.google.com/maps/search/Lemon+Chilli+Chorao,5280,20250205192134_137
Mahesh Bar And Restaurant,4.4,1200,Tisk (Ponda),https://www.google.com/maps/search/Mahesh+Bar+And+Restaurant+Tisk+%28Ponda%29,5280,20250205192218_138
Biryani Streat Safari,4,1300,"Airport, Dabolim",https://www.google.com/maps/search/Biryani+Streat+Safari+Airport%2C+Dabolim,5200,20250205192236_139
Sheetal Udupi Pure Veg Restaurant,4,1300,Bicholim,https://www.google.com/maps/search/Sheetal+Udupi+Pure+Veg+Restaurant+Bicholim,5200,20250205192256_140
"This is it Beachfront - Rooms, Cafe & Events",4.3,1200,Arambol,https://www.google.com/maps/search/This+is+it+Beachfront+-+Rooms%2C+Cafe+%26+Events+Arambol,5160,20250205192317_141
Café Central,4.5,1100,Caranzalem,https://www.google.com/maps/search/Caf%C3%A9+Central+Caranzalem,4950,20250205192349_142
Hospedaria Venite Restaurant & Bar,4.4,1100,Chorao,https://www.google.com/maps/search/Hospedaria+Venite+Restaurant+%26+Bar+Chorao,4840,20250205192410_143
Sweet Nation,4.4,1100,Panaji,https://www.google.com/maps/search/Sweet+Nation+Panaji,4840,20250205192633_144
Tulsi Cafe,4,1200,Mapusa,https://www.google.com/maps/search/Tulsi+Cafe+Mapusa,4800,20250205192654_145
Café Bhonsle,4,1200,Tisk (Ponda),https://www.google.com/maps/search/Caf%C3%A9+Bhonsle+Tisk+%28Ponda%29,4800,20250205192716_146
Prime Rose Goa,4.3,1100,Saligao,https://www.google.com/maps/search/Prime+Rose+Goa+Saligao,4730,20250205192735_147
"Pizza Hut | Vasco Da Gama, Goa",4.7,1000,Vasco da Gama,https://www.google.com/maps/search/Pizza+Hut+%7C+Vasco+Da+Gama%2C+Goa+Vasco+da+Gama,4700,20250205192754_148
Heart Beat Family Multi Cuisine Restaurant,3.9,1200,Mapusa,https://www.google.com/maps/search/Heart+Beat+Family+Multi+Cuisine+Restaurant+Mapusa,4680,20250205192812_149
"Pan Aroma Restaurant | Best Restaurant in Ponda, Goa",3.9,1200,Tisk (Ponda),https://www.google.com/maps/search/Pan+Aroma+Restaurant+%7C+Best+Restaurant+in+Ponda%2C+Goa+Tisk+%28Ponda%29,4680,20250205192832_150
Arambol Mountain,4.6,1000,Arambol,https://www.google.com/maps/search/Arambol+Mountain+Arambol,4600,20250205192851_151
Sagar View Restaurant,3.8,1200,Caranzalem,https://www.google.com/maps/search/Sagar+View+Restaurant+Caranzalem,4560,20250205192907_152
Appetite Classic,3.8,1200,Mapusa,https://www.google.com/maps/search/Appetite+Classic+Mapusa,4560,20250205192925_153
New Walke Food Station,3.5,1300,Mapusa,https://www.google.com/maps/search/New+Walke+Food+Station+Mapusa,4550,20250205192942_154
George Restaurant & Bar,4.1,1100,Panaji,https://www.google.com/maps/search/George+Restaurant+%26+Bar+Panaji,4510,20250205193003_155
Legacy of Bombay pure veg restaurant,4.1,1100,Panaji,https://www.google.com/maps/search/Legacy+of+Bombay+pure+veg+restaurant+Panaji,4510,20250205193021_156
"Miri | Global Fusion Dining | Miramar, Panjim",4.6,962,Caranzalem,https://www.google.com/maps/search/Miri+%7C+Global+Fusion+Dining+%7C+Miramar%2C+Panjim+Caranzalem,4425.2,20250205193039_157
Buddha Tasty Family Bar & Restaurant & Hotel Arambol,4.6,961,Arambol,https://www.google.com/maps/search/Buddha+Tasty+Family+Bar+%26+Restaurant+%26+Hotel+Arambol+Arambol,4420.6,20250205193058_158
Amboli Spice Fly Restaurant & Bar,4,1100,Panaji,https://www.google.com/maps/search/Amboli+Spice+Fly+Restaurant+%26+Bar+Panaji,4400,20250205193131_159
LAXMI BAR & RESTAURANT,4,1100,Tisk (Ponda),https://www.google.com/maps/search/LAXMI+BAR+%26+RESTAURANT+Tisk+%28Ponda%29,4400,20250205193152_160
Ping's Bia Hoi,4.4,985,Saligao,https://www.google.com/maps/search/Ping%27s+Bia+Hoi+Saligao,4334,20250205193421_161
Down the road,4.3,1000,Panaji,https://www.google.com/maps/search/Down+the+road+Panaji,4300,20250205193448_162
Bombay Shivsagar Veg Restaurant,3.9,1100,Panaji,https://www.google.com/maps/search/Bombay+Shivsagar+Veg+Restaurant+Panaji,4290,20250205193509_163
Udupi Hotel Pure Vegetarian,3.9,1100,Vasco da Gama,https://www.google.com/maps/search/Udupi+Hotel+Pure+Vegetarian+Vasco+da+Gama,4290,20250205193529_164
Saz on the Beach,4.2,1000,Arambol,https://www.google.com/maps/search/Saz+on+the+Beach+Arambol,4200,20250205193547_165
Hotel Le Jardin,4.2,1000,Mapusa,https://www.google.com/maps/search/Hotel+Le+Jardin+Mapusa,4200,20250205193607_166
Chhatrapati Pure Veg Family Restaurant,4.2,1000,Tisk (Ponda),https://www.google.com/maps/search/Chhatrapati+Pure+Veg+Family+Restaurant+Tisk+%28Ponda%29,4200,20250205193626_167
Gagan's Restaurant,4.4,953,Naval Base Verem,https://www.google.com/maps/search/Gagan%27s+Restaurant+Naval+Base+Verem,4193.2,20250205193651_168
Cafe Tato Panjim Church,4.3,974,Panaji,https://www.google.com/maps/search/Cafe+Tato+Panjim+Church+Panaji,4188.2,20250205193712_169
Kinara Restaurant,4.2,997,Arambol,https://www.google.com/maps/search/Kinara+Restaurant+Arambol,4187.4,20250205193734_170
Adarsh Restaurant,3.8,1100,Vasco da Gama,https://www.google.com/maps/search/Adarsh+Restaurant+Vasco+da+Gama,4180,20250205193759_171
Eat Pure Veg. Family Restaurant-goa,4.1,1000,Saligao,https://www.google.com/maps/search/Eat+Pure+Veg.+Family+Restaurant-goa+Saligao,4100,20250205193820_172
Lioloco The Bistro,4.6,891,Mapusa,https://www.google.com/maps/search/Lioloco+The+Bistro+Mapusa,4098.6,20250205193841_173
Petisco- Kitchen & Bar,4.6,864,Panaji,https://www.google.com/maps/search/Petisco-+Kitchen+%26+Bar+Panaji,3974.4,20250205194101_174
Swati Hotel,4.3,895,Arambol,https://www.google.com/maps/search/Swati+Hotel+Arambol,3848.5,20250205194119_175
Krishna Bar & Restaurant,4,936,Arambol,https://www.google.com/maps/search/Krishna+Bar+%26+Restaurant+Arambol,3744,20250205194151_176
The Rooster,4.2,891,Vasco da Gama,https://www.google.com/maps/search/The+Rooster+Vasco+da+Gama,3742.2,20250205194211_177
Heera Classic Kitchen & Bar,4.1,912,Mapusa,https://www.google.com/maps/search/Heera+Classic+Kitchen+%26+Bar+Mapusa,3739.2,20250205194235_178
Boshan Hotels,3.9,941,Mapusa,https://www.google.com/maps/search/Boshan+Hotels+Mapusa,3669.9,20250205194254_179
Cremeux - Miramar,4.3,852,Caranzalem,https://www.google.com/maps/search/Cremeux+-+Miramar+Caranzalem,3663.6,20250205194334_180
The Brasserie,4.3,851,Caranzalem,https://www.google.com/maps/search/The+Brasserie+Caranzalem,3659.3,20250205194352_181
MANJUNATH AIRLOUNGE,3.3,1100,"Airport, Dabolim",https://www.google.com/maps/search/MANJUNATH+AIRLOUNGE+Airport%2C+Dabolim,3630,20250205194437_182
Aflatoon Hotel,4,907,Mapusa,https://www.google.com/maps/search/Aflatoon+Hotel+Mapusa,3628,20250205194455_183
Nandan Pure Veg Restaurant,3.9,930,Panaji,https://www.google.com/maps/search/Nandan+Pure+Veg+Restaurant+Panaji,3627,20250205194512_184
Savor Restaurant & Bar,3.9,929,Tisk (Ponda),https://www.google.com/maps/search/Savor+Restaurant+%26+Bar+Tisk+%28Ponda%29,3623.1,20250205194530_185
Myles High Bakehouse,4.3,839,Panaji,https://www.google.com/maps/search/Myles+High+Bakehouse+Panaji,3607.7,20250205194548_186
Kashi Dairy veg restaurant,3.8,926,Vasco da Gama,https://www.google.com/maps/search/Kashi+Dairy+veg+restaurant+Vasco+da+Gama,3518.8,20250205194607_187
Bhumiputra Resturant and Bar,4.1,843,Naval Base Verem,https://www.google.com/maps/search/Bhumiputra+Resturant+and+Bar+Naval+Base+Verem,3456.3,20250205194625_188
Hotel Anandashram,4.2,817,Panaji,https://www.google.com/maps/search/Hotel+Anandashram+Panaji,3431.4,20250205194656_189
Kokum Curry Panjim,4.4,771,Panaji,https://www.google.com/maps/search/Kokum+Curry+Panjim+Panaji,3392.4,20250205194723_190
Godinho Bar and Restaurant,4.2,804,Panaji,https://www.google.com/maps/search/Godinho+Bar+and+Restaurant+Panaji,3376.8,20250205194740_191
Prana Mandrem,4.3,775,Arambol,https://www.google.com/maps/search/Prana+Mandrem+Arambol,3332.5,20250205194759_192
The Temptation Dabolim - 24x7 Complete Food Shop,4.1,812,"Airport, Dabolim",https://www.google.com/maps/search/The+Temptation+Dabolim+-+24x7+Complete+Food+Shop+Airport%2C+Dabolim,3329.2,20250205194822_193
Martin's Place,4.5,723,Bicholim,https://www.google.com/maps/search/Martin%27s+Place+Bicholim,3253.5,20250205194840_194
Sandeep Ross Omelette,3.9,818,Panaji,https://www.google.com/maps/search/Sandeep+Ross+Omelette+Panaji,3190.2,20250205194926_195
Café Ave Maria- Taleigao,4,797,Caranzalem,https://www.google.com/maps/search/Caf%C3%A9+Ave+Maria-+Taleigao+Caranzalem,3188,20250205194944_196
Preeti Udupi Restaurant,3.6,885,Naval Base Verem,https://www.google.com/maps/search/Preeti+Udupi+Restaurant+Naval+Base+Verem,3186,20250205195003_197
Greenyard Restaurant & Bar,4,796,Caranzalem,https://www.google.com/maps/search/Greenyard+Restaurant+%26+Bar+Caranzalem,3184,20250205195033_198
Schandis Restaurant,4.4,720,Caranzalem,https://www.google.com/maps/search/Schandis+Restaurant+Caranzalem,3168,20250205195050_199
Cafe S. F. Xavier,4,790,Mapusa,https://www.google.com/maps/search/Cafe+S.+F.+Xavier+Mapusa,3160,20250205195111_200
Cafe Antruz Mahal,3.8,821,Tisk (Ponda),https://www.google.com/maps/search/Cafe+Antruz+Mahal+Tisk+%28Ponda%29,3119.8,20250205195138_201
Hotel Sahibin,4,768,Naval Base Verem,https://www.google.com/maps/search/Hotel+Sahibin+Naval+Base+Verem,3072,20250205195206_202
Adarsh Bar & Restaurant,3.8,806,Bicholim,https://www.google.com/maps/search/Adarsh+Bar+%26+Restaurant+Bicholim,3062.8,20250205195225_203
Abhiksha Palace,3.9,783,Tisk (Ponda),https://www.google.com/maps/search/Abhiksha+Palace+Tisk+%28Ponda%29,3053.7,20250205195441_204
Mapusa Residency,3.6,847,Mapusa,https://www.google.com/maps/search/Mapusa+Residency+Mapusa,3049.2,20250205195502_205
Azule Ocean Front,4,748,Arambol,https://www.google.com/maps/search/Azule+Ocean+Front+Arambol,2992,20250205195533_206
Hotel Z Square,3.5,845,Vasco da Gama,https://www.google.com/maps/search/Hotel+Z+Square+Vasco+da+Gama,2957.5,20250205195551_207
Taste of Goa Family Restaurant,4,729,Tisk (Ponda),https://www.google.com/maps/search/Taste+of+Goa+Family+Restaurant+Tisk+%28Ponda%29,2916,20250205195622_208
MATSYA Restaurant,4,727,Mapusa,https://www.google.com/maps/search/MATSYA+Restaurant+Mapusa,2908,20250205195643_209
Bombay Coffee Roasters,4.2,689,Caranzalem,https://www.google.com/maps/search/Bombay+Coffee+Roasters+Caranzalem,2893.8,20250205195659_210
Smokin' Joe's,3.9,733,Caranzalem,https://www.google.com/maps/search/Smokin%27+Joe%27s+Caranzalem,2858.7,20250205195719_211
